date,ticker,close
2026-01-16,EURUSD=X,1.1609008312225342
2026-01-19,EURUSD=X,1.162493348121643
2026-01-20,EURUSD=X,1.1639139652252197
2026-01-21,EURUSD=X,1.1727865934371948
2026-01-22,EURUSD=X,1.1672970056533813
2026-01-23,EURUSD=X,1.1754610538482666
2026-01-26,EURUSD=X,1.1858457326889038
2026-01-27,EURUSD=X,1.1876484155654907
2026-01-28,EURUSD=X,1.2017642259597778
2026-01-29,EURUSD=X,1.1977769136428833
2026-01-30,EURUSD=X,1.19657301902771
2026-02-02,EURUSD=X,1.1849182844161987
2026-02-03,EURUSD=X,1.1798714399337769
2026-02-04,EURUSD=X,1.1816140413284302
2026-02-05,EURUSD=X,1.180163860321045
2026-02-06,EURUSD=X,1.177786946296692
2026-02-09,EURUSD=X,1.182578206062317
2026-02-10,EURUSD=X,1.1904053688049316
2026-02-11,EURUSD=X,1.1889617443084717
2026-02-12,EURUSD=X,1.1876062154769897
2026-02-13,EURUSD=X,1.1868449449539185
2026-02-16,EURUSD=X,1.1867464780807495
2026-02-17,EURUSD=X,1.1849884986877441
2026-02-18,EURUSD=X,1.185185194015503
2026-02-19,EURUSD=X,1.1788839101791382
2026-02-20,EURUSD=X,1.1769136190414429
2026-02-23,EURUSD=X,1.1834739446640015
2026-02-24,EURUSD=X,1.1793843507766724
2026-02-25,EURUSD=X,1.1775233745574951
2026-02-26,EURUSD=X,1.181516408920288
2026-02-27,EURUSD=X,1.1803030967712402
2026-03-02,EURUSD=X,1.1759449243545532
2026-03-03,EURUSD=X,1.1697274446487427
2026-03-04,EURUSD=X,1.161224365234375
2026-03-05,EURUSD=X,1.1635618209838867
2026-03-06,EURUSD=X,1.1608065366744995
2026-03-09,EURUSD=X,1.152325987815857
2026-03-10,EURUSD=X,1.1617234945297241
2026-03-11,EURUSD=X,1.1611299514770508
2026-03-12,EURUSD=X,1.1543211936950684
2026-03-13,EURUSD=X,1.1521666049957275
2026-03-16,EURUSD=X,1.1435105800628662
2026-03-17,EURUSD=X,1.1499539613723755
2026-03-18,EURUSD=X,1.153948187828064
2026-03-19,EURUSD=X,1.1464471817016602
2026-03-20,EURUSD=X,1.157755732536316
2026-03-23,EURUSD=X,1.1560158729553223
2026-03-24,EURUSD=X,1.1607122421264648
2026-03-25,EURUSD=X,1.16146719455719
2026-03-26,EURUSD=X,1.1561496257781982
2026-03-27,EURUSD=X,1.1535090208053589
2026-03-29,EURUSD=X,1.149200677871704
2026-03-30,EURUSD=X,1.1460003852844238
2026-03-31,EURUSD=X,1.1574207544326782
2026-04-01,EURUSD=X,1.159057378768921
2026-04-02,EURUSD=X,1.1541746854782104
2026-04-05,EURUSD=X,1.150999665260315
2026-04-06,EURUSD=X,1.1541212797164917
2026-04-07,EURUSD=X,1.1686612367630005
2026-04-08,EURUSD=X,1.16593599319458
2026-04-09,EURUSD=X,1.1691256761550903
2026-04-12,EURUSD=X,1.1675150394439697
2026-04-13,EURUSD=X,1.176885962486267
2026-04-14,EURUSD=X,1.179940938949585
2026-04-15,EURUSD=X,1.1809163093566895
2026-04-16,EURUSD=X,1.1782727241516113
2026-04-19,EURUSD=X,1.1741223335266113
2026-04-20,EURUSD=X,1.1784392595291138
2026-04-21,EURUSD=X,1.174425721168518
2026-04-22,EURUSD=X,1.1706037521362305
2026-04-23,EURUSD=X,1.16838800907135
2026-04-26,EURUSD=X,1.1706448793411255
2026-04-27,EURUSD=X,1.1723467111587524
2026-04-28,EURUSD=X,1.171783447265625
2026-04-29,EURUSD=X,1.168470025062561
2026-04-30,EURUSD=X,1.172910451889038
2026-05-03,EURUSD=X,1.1726628541946411
2026-05-04,EURUSD=X,1.1691941022872925
2026-05-05,EURUSD=X,1.1715774536132812
2026-05-06,EURUSD=X,1.1747430562973022
2026-05-07,EURUSD=X,1.1731581687927246
2026-05-10,EURUSD=X,1.176885962486267
2026-05-11,EURUSD=X,1.177994966506958
2026-05-12,EURUSD=X,1.1735436916351318
2026-05-13,EURUSD=X,1.1716049909591675
2026-05-14,EURUSD=X,1.166208028793335
2026-05-17,EURUSD=X,1.161440134048462
2026-05-18,EURUSD=X,1.1655147075653076
2026-05-19,EURUSD=X,1.1607122421264648
2026-05-20,EURUSD=X,1.1625338792800903
2026-05-21,EURUSD=X,1.1621150970458984
2026-05-24,EURUSD=X,1.164225697517395
2026-05-25,EURUSD=X,1.1637378931045532
2026-05-26,EURUSD=X,1.1636837720870972
2026-05-27,EURUSD=X,1.1617909669876099
2026-05-28,EURUSD=X,1.1652837991714478
2026-05-31,EURUSD=X,1.164890170097351
2026-06-01,EURUSD=X,1.1635483503341675
2026-06-02,EURUSD=X,1.1622096300125122
2026-06-03,EURUSD=X,1.160941243171692
2026-06-04,EURUSD=X,1.1612648963928223
2026-06-07,EURUSD=X,1.1522595882415771
2026-06-08,EURUSD=X,1.1528440713882446
2026-06-09,EURUSD=X,1.1535356044769287
2026-06-10,EURUSD=X,1.1535621881484985
2026-06-11,EURUSD=X,1.157594919204712
2026-06-14,EURUSD=X,1.1603081226348877
2026-06-15,EURUSD=X,1.1594202518463135
2026-06-16,EURUSD=X,1.1609952449798584
2026-06-17,EURUSD=X,1.150734782218933
2026-06-18,EURUSD=X,1.1458560228347778
2026-06-21,EURUSD=X,1.1462763547897339
2026-06-22,EURUSD=X,1.1427135467529297
2026-06-23,EURUSD=X,1.1379542350769043
2026-06-24,EURUSD=X,1.1354217529296875
2026-06-25,EURUSD=X,1.1361699104309082
2026-06-28,EURUSD=X,1.1385631561279297
2026-06-29,EURUSD=X,1.1422044038772583
2026-06-30,EURUSD=X,1.1413310766220093
2026-07-01,EURUSD=X,1.13779878616333
2026-07-02,EURUSD=X,1.1422696113586426
2026-07-05,EURUSD=X,1.1437721252441406
2026-07-06,EURUSD=X,1.144177794456482
2026-07-07,EURUSD=X,1.140380859375
2026-07-08,EURUSD=X,1.1422044038772583
2026-07-09,EURUSD=X,1.1433405876159668
2026-07-12,EURUSD=X,1.1404459476470947
2026-07-13,EURUSD=X,1.1384334564208984
2026-07-14,EURUSD=X,1.1424654722213745
2026-07-15,EURUSD=X,1.1469204425811768
2026-01-16,GBPUSD=X,1.3381328582763672
2026-01-19,GBPUSD=X,1.3404287099838257
2026-01-20,GBPUSD=X,1.3418315649032593
2026-01-21,GBPUSD=X,1.344085931777954
2026-01-22,GBPUSD=X,1.3419395685195923
2026-01-23,GBPUSD=X,1.3501288890838623
2026-01-26,GBPUSD=X,1.3662508726119995
2026-01-27,GBPUSD=X,1.3677457571029663
2026-01-28,GBPUSD=X,1.3824374675750732
2026-01-29,GBPUSD=X,1.382533073425293
2026-01-30,GBPUSD=X,1.380643367767334
2026-02-02,GBPUSD=X,1.3679141998291016
2026-02-03,GBPUSD=X,1.367315649986267
2026-02-04,GBPUSD=X,1.3697504997253418
2026-02-05,GBPUSD=X,1.3644611835479736
2026-02-06,GBPUSD=X,1.3520822525024414
2026-02-09,GBPUSD=X,1.3608959913253784
2026-02-10,GBPUSD=X,1.368344783782959
2026-02-11,GBPUSD=X,1.3634566068649292
2026-02-12,GBPUSD=X,1.362399697303772
2026-02-13,GBPUSD=X,1.3620266914367676
2026-02-16,GBPUSD=X,1.3647778034210205
2026-02-17,GBPUSD=X,1.3627691268920898
2026-02-18,GBPUSD=X,1.3564472198486328
2026-02-19,GBPUSD=X,1.349582314491272
2026-02-20,GBPUSD=X,1.3461124897003174
2026-02-23,GBPUSD=X,1.3533265590667725
2026-02-24,GBPUSD=X,1.34969162940979
2026-02-25,GBPUSD=X,1.3497462272644043
2026-02-26,GBPUSD=X,1.3558034896850586
2026-02-27,GBPUSD=X,1.3491452932357788
2026-03-02,GBPUSD=X,1.3406623601913452
2026-03-03,GBPUSD=X,1.3410578966140747
2026-03-04,GBPUSD=X,1.3353630304336548
2026-03-05,GBPUSD=X,1.3369520902633667
2026-03-06,GBPUSD=X,1.3357375860214233
2026-03-09,GBPUSD=X,1.3301055431365967
2026-03-10,GBPUSD=X,1.3424980640411377
2026-03-11,GBPUSD=X,1.3419036865234375
2026-03-12,GBPUSD=X,1.338186502456665
2026-03-13,GBPUSD=X,1.335250735282898
2026-03-16,GBPUSD=X,1.3247665166854858
2026-03-17,GBPUSD=X,1.3314337730407715
2026-03-18,GBPUSD=X,1.335951805114746
2026-03-19,GBPUSD=X,1.32650625705719
2026-03-20,GBPUSD=X,1.342570185661316
2026-03-23,GBPUSD=X,1.3331555128097534
2026-03-24,GBPUSD=X,1.342426061630249
2026-03-25,GBPUSD=X,1.3416335582733154
2026-03-26,GBPUSD=X,1.336362361907959
2026-03-27,GBPUSD=X,1.3335645198822021
2026-03-29,GBPUSD=X,1.3238370418548584
2026-03-30,GBPUSD=X,1.3172800540924072
2026-03-31,GBPUSD=X,1.324327826499939
2026-04-01,GBPUSD=X,1.3302648067474365
2026-04-02,GBPUSD=X,1.3230313062667847
2026-04-05,GBPUSD=X,1.3186348676681519
2026-04-06,GBPUSD=X,1.3234164714813232
2026-04-07,GBPUSD=X,1.3401771783828735
2026-04-08,GBPUSD=X,1.3394052982330322
2026-04-09,GBPUSD=X,1.3430029153823853
2026-04-12,GBPUSD=X,1.339441180229187
2026-04-13,GBPUSD=X,1.3515340089797974
2026-04-14,GBPUSD=X,1.357533574104309
2026-04-15,GBPUSD=X,1.3573696613311768
2026-04-16,GBPUSD=X,1.3526124954223633
2026-04-19,GBPUSD=X,1.348435878753662
2026-04-20,GBPUSD=X,1.3531250953674316
2026-04-21,GBPUSD=X,1.3509680032730103
2026-04-22,GBPUSD=X,1.3500378131866455
2026-04-23,GBPUSD=X,1.3466380834579468
2026-04-26,GBPUSD=X,1.3515102863311768
2026-04-27,GBPUSD=X,1.3538211584091187
2026-04-28,GBPUSD=X,1.3524478673934937
2026-04-29,GBPUSD=X,1.3488596677780151
2026-04-30,GBPUSD=X,1.3602666854858398
2026-05-03,GBPUSD=X,1.3581420183181763
2026-05-04,GBPUSD=X,1.353143334388733
2026-05-05,GBPUSD=X,1.3568705320358276
2026-05-06,GBPUSD=X,1.3591758012771606
2026-05-07,GBPUSD=X,1.3555645942687988
2026-05-10,GBPUSD=X,1.3594714403152466
2026-05-11,GBPUSD=X,1.360470175743103
2026-05-12,GBPUSD=X,1.3537001609802246
2026-05-13,GBPUSD=X,1.352630853652954
2026-05-14,GBPUSD=X,1.3391362428665161
2026-05-17,GBPUSD=X,1.330849051475525
2026-05-18,GBPUSD=X,1.3432012796401978
2026-05-19,GBPUSD=X,1.3396027088165283
2026-05-20,GBPUSD=X,1.3433998823165894
2026-05-21,GBPUSD=X,1.3432555198669434
2026-05-24,GBPUSD=X,1.34816312789917
2026-05-25,GBPUSD=X,1.3496370315551758
2026-05-26,GBPUSD=X,1.345532774925232
2026-05-27,GBPUSD=X,1.3416515588760376
2026-05-28,GBPUSD=X,1.3444474935531616
2026-05-31,GBPUSD=X,1.345152735710144
2026-06-01,GBPUSD=X,1.3460001945495605
2026-06-02,GBPUSD=X,1.3454241752624512
2026-06-03,GBPUSD=X,1.3427144289016724
2026-06-04,GBPUSD=X,1.3427000045776367
2026-06-07,GBPUSD=X,1.3335645198822021
2026-06-08,GBPUSD=X,1.3333333730697632
2026-06-09,GBPUSD=X,1.3372201919555664
2026-06-10,GBPUSD=X,1.3362016677856445
2026-06-11,GBPUSD=X,1.341381549835205
2026-06-14,GBPUSD=X,1.344971776008606
2026-06-15,GBPUSD=X,1.341599464416504
2026-06-16,GBPUSD=X,1.3426424264907837
2026-06-17,GBPUSD=X,1.3301233053207397
2026-06-18,GBPUSD=X,1.3202017545700073
2026-06-21,GBPUSD=X,1.3207945823669434
2026-06-22,GBPUSD=X,1.3247138261795044
2026-06-23,GBPUSD=X,1.3200099468231201
2026-06-24,GBPUSD=X,1.3166556358337402
2026-06-25,GBPUSD=X,1.318791389465332
2026-06-28,GBPUSD=X,1.319713830947876
2026-06-29,GBPUSD=X,1.325398564338684
2026-06-30,GBPUSD=X,1.325065016746521
2026-07-01,GBPUSD=X,1.3279330730438232
2026-07-02,GBPUSD=X,1.3338704109191895
2026-07-05,GBPUSD=X,1.335309624671936
2026-07-06,GBPUSD=X,1.3397893905639648
2026-07-07,GBPUSD=X,1.3348907232284546
2026-07-08,GBPUSD=X,1.339620590209961
2026-07-09,GBPUSD=X,1.3415615558624268
2026-07-12,GBPUSD=X,1.3386881351470947
2026-07-13,GBPUSD=X,1.3347926139831543
2026-07-14,GBPUSD=X,1.3397103548049927
2026-07-15,GBPUSD=X,1.3534547090530396
2026-01-16,AUDUSD=X,0.6704210042953491
2026-01-19,AUDUSD=X,0.6687598824501038
2026-01-20,AUDUSD=X,0.6709878444671631
2026-01-21,AUDUSD=X,0.6731699109077454
2026-01-22,AUDUSD=X,0.6754794120788574
2026-01-23,AUDUSD=X,0.6840506792068481
2026-01-26,AUDUSD=X,0.691399872303009
2026-01-27,AUDUSD=X,0.691472053527832
2026-01-28,AUDUSD=X,0.6995800137519836
2026-01-29,AUDUSD=X,0.7039799094200134
2026-01-30,AUDUSD=X,0.7047300934791565
2026-02-02,AUDUSD=X,0.6946277618408203
2026-02-03,AUDUSD=X,0.6955500841140747
2026-02-04,AUDUSD=X,0.7022520899772644
2026-02-05,AUDUSD=X,0.699440062046051
2026-02-06,AUDUSD=X,0.6916399002075195
2026-02-09,AUDUSD=X,0.7033699154853821
2026-02-10,AUDUSD=X,0.7083597779273987
2026-02-11,AUDUSD=X,0.7074797749519348
2026-02-12,AUDUSD=X,0.7125298380851746
2026-02-13,AUDUSD=X,0.7087101936340332
2026-02-16,AUDUSD=X,0.7070400714874268
2026-02-17,AUDUSD=X,0.7072985768318176
2026-02-18,AUDUSD=X,0.708320140838623
2026-02-19,AUDUSD=X,0.704379141330719
2026-02-20,AUDUSD=X,0.7056102752685547
2026-02-23,AUDUSD=X,0.7111399173736572
2026-02-24,AUDUSD=X,0.706070065498352
2026-02-25,AUDUSD=X,0.7060999870300293
2026-02-26,AUDUSD=X,0.7120498418807983
2026-02-27,AUDUSD=X,0.71017986536026
2026-03-02,AUDUSD=X,0.7058109045028687
2026-03-03,AUDUSD=X,0.710580050945282
2026-03-04,AUDUSD=X,0.7040701508522034
2026-03-05,AUDUSD=X,0.7075998783111572
2026-03-06,AUDUSD=X,0.7011299729347229
2026-03-09,AUDUSD=X,0.6966199278831482
2026-03-10,AUDUSD=X,0.7068586349487305
2026-03-11,AUDUSD=X,0.712100088596344
2026-03-12,AUDUSD=X,0.7129209637641907
2026-03-13,AUDUSD=X,0.7075298428535461
2026-03-16,AUDUSD=X,0.7005700469017029
2026-03-17,AUDUSD=X,0.706848680973053
2026-03-18,AUDUSD=X,0.710909903049469
2026-03-19,AUDUSD=X,0.7029501795768738
2026-03-20,AUDUSD=X,0.708109974861145
2026-03-23,AUDUSD=X,0.7007802128791809
2026-03-24,AUDUSD=X,0.7006098031997681
2026-03-25,AUDUSD=X,0.6996901631355286
2026-03-26,AUDUSD=X,0.6942901611328125
2026-03-27,AUDUSD=X,0.6887398958206177
2026-03-29,AUDUSD=X,0.6850901246070862
2026-03-30,AUDUSD=X,0.6845901012420654
2026-03-31,AUDUSD=X,0.692051112651825
2026-04-01,AUDUSD=X,0.6923999190330505
2026-04-02,AUDUSD=X,0.6911499500274658
2026-04-05,AUDUSD=X,0.6885501742362976
2026-04-06,AUDUSD=X,0.6916901469230652
2026-04-07,AUDUSD=X,0.707679033279419
2026-04-08,AUDUSD=X,0.703937828540802
2026-04-09,AUDUSD=X,0.7075698375701904
2026-04-12,AUDUSD=X,0.7019898295402527
2026-04-13,AUDUSD=X,0.7099298238754272
2026-04-14,AUDUSD=X,0.7129300832748413
2026-04-15,AUDUSD=X,0.7175799012184143
2026-04-16,AUDUSD=X,0.7159000635147095
2026-04-19,AUDUSD=X,0.7134998440742493
2026-04-20,AUDUSD=X,0.7174198627471924
2026-04-21,AUDUSD=X,0.7156198024749756
2026-04-22,AUDUSD=X,0.7158001661300659
2026-04-23,AUDUSD=X,0.7129616141319275
2026-04-26,AUDUSD=X,0.7143500447273254
2026-04-27,AUDUSD=X,0.7190897464752197
2026-04-28,AUDUSD=X,0.7187212109565735
2026-04-29,AUDUSD=X,0.7131141424179077
2026-04-30,AUDUSD=X,0.720079779624939
2026-05-03,AUDUSD=X,0.7212925553321838
2026-05-04,AUDUSD=X,0.7167482376098633
2026-05-05,AUDUSD=X,0.7203900218009949
2026-05-06,AUDUSD=X,0.7235099673271179
2026-05-07,AUDUSD=X,0.7208600044250488
2026-05-10,AUDUSD=X,0.7236999869346619
2026-05-11,AUDUSD=X,0.7246218919754028
2026-05-12,AUDUSD=X,0.7237801551818848
2026-05-13,AUDUSD=X,0.7254998683929443
2026-05-14,AUDUSD=X,0.7214298844337463
2026-05-17,AUDUSD=X,0.7130200862884521
2026-05-18,AUDUSD=X,0.7172901630401611
2026-05-19,AUDUSD=X,0.7106598019599915
2026-05-20,AUDUSD=X,0.7150007486343384
2026-05-21,AUDUSD=X,0.7148299813270569
2026-05-24,AUDUSD=X,0.7157202363014221
2026-05-25,AUDUSD=X,0.717029869556427
2026-05-26,AUDUSD=X,0.717079758644104
2026-05-27,AUDUSD=X,0.7133201360702515
2026-05-28,AUDUSD=X,0.7164201736450195
2026-05-31,AUDUSD=X,0.7180498242378235
2026-06-01,AUDUSD=X,0.7164298892021179
2026-06-02,AUDUSD=X,0.7174115777015686
2026-06-03,AUDUSD=X,0.7134499549865723
2026-06-04,AUDUSD=X,0.7132158875465393
2026-06-07,AUDUSD=X,0.7043498158454895
2026-06-08,AUDUSD=X,0.704049825668335
2026-06-09,AUDUSD=X,0.7023113369941711
2026-06-10,AUDUSD=X,0.6994200348854065
2026-06-11,AUDUSD=X,0.7047901749610901
2026-06-14,AUDUSD=X,0.7075197696685791
2026-06-15,AUDUSD=X,0.7073001265525818
2026-06-16,AUDUSD=X,0.7065500020980835
2026-06-17,AUDUSD=X,0.7018499374389648
2026-06-18,AUDUSD=X,0.7013099789619446
2026-06-21,AUDUSD=X,0.7002899646759033
2026-06-22,AUDUSD=X,0.6994621157646179
2026-06-23,AUDUSD=X,0.6915600895881653
2026-06-24,AUDUSD=X,0.6900001764297485
2026-06-25,AUDUSD=X,0.6900501847267151
2026-06-28,AUDUSD=X,0.6896218657493591
2026-06-29,AUDUSD=X,0.6882398128509521
2026-06-30,AUDUSD=X,0.6912999749183655
2026-07-01,AUDUSD=X,0.6892097592353821
2026-07-02,AUDUSD=X,0.6916002035140991
2026-07-05,AUDUSD=X,0.6937001347541809
2026-07-06,AUDUSD=X,0.6955297589302063
2026-07-07,AUDUSD=X,0.6922600269317627
2026-07-08,AUDUSD=X,0.6936299204826355
2026-07-09,AUDUSD=X,0.6944401264190674
2026-07-12,AUDUSD=X,0.6942197680473328
2026-07-13,AUDUSD=X,0.6918213367462158
2026-07-14,AUDUSD=X,0.6976497769355774
2026-07-15,AUDUSD=X,0.6997900605201721
2026-01-16,NZDUSD=X,0.5743601322174072
2026-01-19,NZDUSD=X,0.5763389468193054
2026-01-20,NZDUSD=X,0.5793507695198059
2026-01-21,NZDUSD=X,0.5827301740646362
2026-01-22,NZDUSD=X,0.5838188529014587
2026-01-23,NZDUSD=X,0.5916704535484314
2026-01-26,NZDUSD=X,0.596039891242981
2026-01-27,NZDUSD=X,0.5970701575279236
2026-01-28,NZDUSD=X,0.6027800440788269
2026-01-29,NZDUSD=X,0.6065311431884766
2026-01-30,NZDUSD=X,0.6075703501701355
2026-02-02,NZDUSD=X,0.6014494895935059
2026-02-03,NZDUSD=X,0.6010915637016296
2026-02-04,NZDUSD=X,0.6042186617851257
2026-02-05,NZDUSD=X,0.5998188257217407
2026-02-06,NZDUSD=X,0.5938912630081177
2026-02-09,NZDUSD=X,0.6032381653785706
2026-02-10,NZDUSD=X,0.605279266834259
2026-02-11,NZDUSD=X,0.6041712164878845
2026-02-12,NZDUSD=X,0.6048911213874817
2026-02-13,NZDUSD=X,0.6032600402832031
2026-02-16,NZDUSD=X,0.6033801436424255
2026-02-17,NZDUSD=X,0.6032018065452576
2026-02-18,NZDUSD=X,0.6048911213874817
2026-02-19,NZDUSD=X,0.5967797636985779
2026-02-20,NZDUSD=X,0.5971004962921143
2026-02-23,NZDUSD=X,0.6003986597061157
2026-02-24,NZDUSD=X,0.596039891242981
2026-02-25,NZDUSD=X,0.5965590476989746
2026-02-26,NZDUSD=X,0.6000888347625732
2026-02-27,NZDUSD=X,0.5980217456817627
2026-03-02,NZDUSD=X,0.595770001411438
2026-03-03,NZDUSD=X,0.5948804616928101
2026-03-04,NZDUSD=X,0.5889108180999756
2026-03-05,NZDUSD=X,0.5937607288360596
2026-03-06,NZDUSD=X,0.5897687077522278
2026-03-09,NZDUSD=X,0.5850211381912231
2026-03-10,NZDUSD=X,0.5927084684371948
2026-03-11,NZDUSD=X,0.5924416184425354
2026-03-12,NZDUSD=X,0.5895600914955139
2026-03-13,NZDUSD=X,0.5852998495101929
2026-03-16,NZDUSD=X,0.5797303318977356
2026-03-17,NZDUSD=X,0.5853704214096069
2026-03-18,NZDUSD=X,0.585919201374054
2026-03-19,NZDUSD=X,0.5795589685440063
2026-03-20,NZDUSD=X,0.5868303775787354
2026-03-23,NZDUSD=X,0.5831209421157837
2026-03-24,NZDUSD=X,0.5853601694107056
2026-03-25,NZDUSD=X,0.5838086605072021
2026-03-26,NZDUSD=X,0.5806391835212708
2026-03-27,NZDUSD=X,0.5761796236038208
2026-03-29,NZDUSD=X,0.5727902054786682
2026-03-30,NZDUSD=X,0.5717389583587646
2026-03-31,NZDUSD=X,0.5756091475486755
2026-04-01,NZDUSD=X,0.5750100612640381
2026-04-02,NZDUSD=X,0.5717801451683044
2026-04-05,NZDUSD=X,0.5686697363853455
2026-04-06,NZDUSD=X,0.5714514255523682
2026-04-07,NZDUSD=X,0.5809292793273926
2026-04-08,NZDUSD=X,0.5825400948524475
2026-04-09,NZDUSD=X,0.585048496723175
2026-04-12,NZDUSD=X,0.5804302096366882
2026-04-13,NZDUSD=X,0.5871990919113159
2026-04-14,NZDUSD=X,0.5903501510620117
2026-04-15,NZDUSD=X,0.5912192463874817
2026-04-16,NZDUSD=X,0.5886092185974121
2026-04-19,NZDUSD=X,0.5865206122398376
2026-04-20,NZDUSD=X,0.590639591217041
2026-04-21,NZDUSD=X,0.5898104310035706
2026-04-22,NZDUSD=X,0.5905802845954895
2026-04-23,NZDUSD=X,0.5853807330131531
2026-04-26,NZDUSD=X,0.5870887637138367
2026-04-27,NZDUSD=X,0.5912611484527588
2026-04-28,NZDUSD=X,0.588841438293457
2026-04-29,NZDUSD=X,0.584050714969635
2026-04-30,NZDUSD=X,0.5906988978385925
2026-05-03,NZDUSD=X,0.5906500220298767
2026-05-04,NZDUSD=X,0.58724045753479
2026-05-05,NZDUSD=X,0.5903292298316956
2026-05-06,NZDUSD=X,0.5953586101531982
2026-05-07,NZDUSD=X,0.5938488841056824
2026-05-10,NZDUSD=X,0.5950397253036499
2026-05-11,NZDUSD=X,0.5965298414230347
2026-05-12,NZDUSD=X,0.5952416062355042
2026-05-13,NZDUSD=X,0.5931690335273743
2026-05-14,NZDUSD=X,0.5903501510620117
2026-05-17,NZDUSD=X,0.5832604169845581
2026-05-18,NZDUSD=X,0.5874301791191101
2026-05-19,NZDUSD=X,0.5833386778831482
2026-05-20,NZDUSD=X,0.5868303775787354
2026-05-21,NZDUSD=X,0.5878514647483826
2026-05-24,NZDUSD=X,0.5873000621795654
2026-05-25,NZDUSD=X,0.5862111449241638
2026-05-26,NZDUSD=X,0.5842486619949341
2026-05-27,NZDUSD=X,0.5892404317855835
2026-05-28,NZDUSD=X,0.594569206237793
2026-05-31,NZDUSD=X,0.5981684327125549
2026-06-01,NZDUSD=X,0.5935704112052917
2026-06-02,NZDUSD=X,0.5922486186027527
2026-06-03,NZDUSD=X,0.5871197581291199
2026-06-04,NZDUSD=X,0.5869888067245483
2026-06-07,NZDUSD=X,0.5796698331832886
2026-06-08,NZDUSD=X,0.5803594589233398
2026-06-09,NZDUSD=X,0.5807504653930664
2026-06-10,NZDUSD=X,0.5794313549995422
2026-06-11,NZDUSD=X,0.5832808613777161
2026-06-14,NZDUSD=X,0.585538387298584
2026-06-15,NZDUSD=X,0.5827913284301758
2026-06-16,NZDUSD=X,0.5831209421157837
2026-06-17,NZDUSD=X,0.5774805545806885
2026-06-18,NZDUSD=X,0.57548987865448
2026-06-21,NZDUSD=X,0.5734602212905884
2026-06-22,NZDUSD=X,0.5711707472801208
2026-06-23,NZDUSD=X,0.5664695501327515
2026-06-24,NZDUSD=X,0.5644615292549133
2026-06-25,NZDUSD=X,0.5643309354782104
2026-06-28,NZDUSD=X,0.5640698671340942
2026-06-29,NZDUSD=X,0.5651313662528992
2026-06-30,NZDUSD=X,0.5675304532051086
2026-07-01,NZDUSD=X,0.5675497651100159
2026-07-02,NZDUSD=X,0.5692912936210632
2026-07-05,NZDUSD=X,0.5706000924110413
2026-07-06,NZDUSD=X,0.5701611638069153
2026-07-07,NZDUSD=X,0.567659318447113
2026-07-08,NZDUSD=X,0.5715788006782532
2026-07-09,NZDUSD=X,0.5762293934822083
2026-07-12,NZDUSD=X,0.5758709907531738
2026-07-13,NZDUSD=X,0.5763389468193054
2026-07-14,NZDUSD=X,0.5813513994216919
2026-07-15,NZDUSD=X,0.5852744579315186
2026-01-16,USDJPY=X,158.5959930419922
2026-01-19,USDJPY=X,157.53500366210938
2026-01-20,USDJPY=X,158.177001953125
2026-01-21,USDJPY=X,158.16200256347656
2026-01-22,USDJPY=X,158.45599365234375
2026-01-23,USDJPY=X,158.50100708007812
2026-01-26,USDJPY=X,155.16600036621094
2026-01-27,USDJPY=X,154.33599853515625
2026-01-28,USDJPY=X,152.4530029296875
2026-01-29,USDJPY=X,153.0959930419922
2026-01-30,USDJPY=X,153.16200256347656
2026-02-02,USDJPY=X,155.20199584960938
2026-02-03,USDJPY=X,155.4429931640625
2026-02-04,USDJPY=X,155.7989959716797
2026-02-05,USDJPY=X,156.91700744628906
2026-02-06,USDJPY=X,156.78399658203125
2026-02-09,USDJPY=X,157.24400329589844
2026-02-10,USDJPY=X,156.1320037841797
2026-02-11,USDJPY=X,154.48199462890625
2026-02-12,USDJPY=X,153.2689971923828
2026-02-13,USDJPY=X,152.8209991455078
2026-02-16,USDJPY=X,152.7790069580078
2026-02-17,USDJPY=X,153.60899353027344
2026-02-18,USDJPY=X,153.1490020751953
2026-02-19,USDJPY=X,154.6929931640625
2026-02-20,USDJPY=X,155.16000366210938
2026-02-23,USDJPY=X,154.33900451660156
2026-02-24,USDJPY=X,154.63499450683594
2026-02-25,USDJPY=X,155.8800048828125
2026-02-26,USDJPY=X,156.1999969482422
2026-02-27,USDJPY=X,155.85899353027344
2026-03-02,USDJPY=X,156.63299560546875
2026-03-03,USDJPY=X,157.2570037841797
2026-03-04,USDJPY=X,157.7729949951172
2026-03-05,USDJPY=X,156.98300170898438
2026-03-06,USDJPY=X,157.53399658203125
2026-03-09,USDJPY=X,158.427001953125
2026-03-10,USDJPY=X,157.84800720214844
2026-03-11,USDJPY=X,158.11399841308594
2026-03-12,USDJPY=X,159.0749969482422
2026-03-13,USDJPY=X,159.20599365234375
2026-03-16,USDJPY=X,159.5679931640625
2026-03-17,USDJPY=X,159.10499572753906
2026-03-18,USDJPY=X,158.88900756835938
2026-03-19,USDJPY=X,159.7949981689453
2026-03-20,USDJPY=X,157.9239959716797
2026-03-23,USDJPY=X,159.23399353027344
2026-03-24,USDJPY=X,158.47900390625
2026-03-25,USDJPY=X,158.71800231933594
2026-03-26,USDJPY=X,159.38400268554688
2026-03-27,USDJPY=X,159.70399475097656
2026-03-29,USDJPY=X,160.23399353027344
2026-03-30,USDJPY=X,159.84100341796875
2026-03-31,USDJPY=X,158.57899475097656
2026-04-01,USDJPY=X,158.68800354003906
2026-04-02,USDJPY=X,159.49099731445312
2026-04-05,USDJPY=X,159.77999877929688
2026-04-06,USDJPY=X,159.68299865722656
2026-04-07,USDJPY=X,158.71600341796875
2026-04-08,USDJPY=X,158.64199829101562
2026-04-09,USDJPY=X,159.11199951171875
2026-04-12,USDJPY=X,159.67999267578125
2026-04-13,USDJPY=X,159.21400451660156
2026-04-14,USDJPY=X,158.79200744628906
2026-04-15,USDJPY=X,158.8090057373047
2026-04-16,USDJPY=X,159.19500732421875
2026-04-19,USDJPY=X,159.16099548339844
2026-04-20,USDJPY=X,158.843994140625
2026-04-21,USDJPY=X,159.3730010986328
2026-04-22,USDJPY=X,159.48800659179688
2026-04-23,USDJPY=X,159.7469940185547
2026-04-26,USDJPY=X,159.5760040283203
2026-04-27,USDJPY=X,159.35699462890625
2026-04-28,USDJPY=X,159.552001953125
2026-04-29,USDJPY=X,160.1840057373047
2026-04-30,USDJPY=X,156.97799682617188
2026-05-03,USDJPY=X,156.8459930419922
2026-05-04,USDJPY=X,157.19400024414062
2026-05-05,USDJPY=X,157.677001953125
2026-05-06,USDJPY=X,156.50799560546875
2026-05-07,USDJPY=X,156.82899475097656
2026-05-10,USDJPY=X,156.85800170898438
2026-05-11,USDJPY=X,157.2310028076172
2026-05-12,USDJPY=X,157.67100524902344
2026-05-13,USDJPY=X,157.8509979248047
2026-05-14,USDJPY=X,158.3820037841797
2026-05-17,USDJPY=X,158.843994140625
2026-05-18,USDJPY=X,158.86099243164062
2026-05-19,USDJPY=X,159.03500366210938
2026-05-20,USDJPY=X,158.88800048828125
2026-05-21,USDJPY=X,159.01800537109375
2026-05-24,USDJPY=X,158.9459991455078
2026-05-25,USDJPY=X,158.95399475097656
2026-05-26,USDJPY=X,159.2429962158203
2026-05-27,USDJPY=X,159.5679931640625
2026-05-28,USDJPY=X,159.27000427246094
2026-05-31,USDJPY=X,159.35299682617188
2026-06-01,USDJPY=X,159.63600158691406
2026-06-02,USDJPY=X,159.96800231933594
2026-06-03,USDJPY=X,159.94000244140625
2026-06-04,USDJPY=X,159.99000549316406
2026-06-07,USDJPY=X,160.32699584960938
2026-06-08,USDJPY=X,160.1739959716797
2026-06-09,USDJPY=X,160.38400268554688
2026-06-10,USDJPY=X,160.52699279785156
2026-06-11,USDJPY=X,160.1300048828125
2026-06-14,USDJPY=X,159.9550018310547
2026-06-15,USDJPY=X,160.22900390625
2026-06-16,USDJPY=X,160.41900634765625
2026-06-17,USDJPY=X,160.60000610351562
2026-06-18,USDJPY=X,161.28900146484375
2026-06-21,USDJPY=X,161.43299865722656
2026-06-22,USDJPY=X,161.57000732421875
2026-06-23,USDJPY=X,161.5989990234375
2026-06-24,USDJPY=X,161.76300048828125
2026-06-25,USDJPY=X,161.80499267578125
2026-06-28,USDJPY=X,161.78700256347656
2026-06-29,USDJPY=X,161.92300415039062
2026-06-30,USDJPY=X,162.6280059814453
2026-07-01,USDJPY=X,162.53900146484375
2026-07-02,USDJPY=X,161.44900512695312
2026-07-05,USDJPY=X,161.45199584960938
2026-07-06,USDJPY=X,162.08799743652344
2026-07-07,USDJPY=X,162.36300659179688
2026-07-08,USDJPY=X,162.53900146484375
2026-07-09,USDJPY=X,162.36300659179688
2026-07-12,USDJPY=X,161.8780059814453
2026-07-13,USDJPY=X,162.4290008544922
2026-07-14,USDJPY=X,162.18699645996094
2026-07-15,USDJPY=X,162.16700744628906
2026-01-16,USDCHF=X,0.8034200072288513
2026-01-19,USDCHF=X,0.7987200021743774
2026-01-20,USDCHF=X,0.7978900074958801
2026-01-21,USDCHF=X,0.7894999980926514
2026-01-22,USDCHF=X,0.7963899970054626
2026-01-23,USDCHF=X,0.7889999747276306
2026-01-26,USDCHF=X,0.7778699994087219
2026-01-27,USDCHF=X,0.777239978313446
2026-01-28,USDCHF=X,0.7631999850273132
2026-01-29,USDCHF=X,0.7657399773597717
2026-01-30,USDCHF=X,0.7644100189208984
2026-02-02,USDCHF=X,0.7735599875450134
2026-02-03,USDCHF=X,0.779009997844696
2026-02-04,USDCHF=X,0.7757599949836731
2026-02-05,USDCHF=X,0.7773100137710571
2026-02-06,USDCHF=X,0.7777000069618225
2026-02-09,USDCHF=X,0.7758299708366394
2026-02-10,USDCHF=X,0.7671200037002563
2026-02-11,USDCHF=X,0.7685700058937073
2026-02-12,USDCHF=X,0.7711399793624878
2026-02-13,USDCHF=X,0.7695500254631042
2026-02-16,USDCHF=X,0.7682099938392639
2026-02-17,USDCHF=X,0.769599974155426
2026-02-18,USDCHF=X,0.7702000141143799
2026-02-19,USDCHF=X,0.7721999883651733
2026-02-20,USDCHF=X,0.7753400206565857
2026-02-23,USDCHF=X,0.7717000246047974
2026-02-24,USDCHF=X,0.7742300033569336
2026-02-25,USDCHF=X,0.7737299799919128
2026-02-26,USDCHF=X,0.7721400260925293
2026-02-27,USDCHF=X,0.7732300162315369
2026-03-02,USDCHF=X,0.7695299983024597
2026-03-03,USDCHF=X,0.7787100076675415
2026-03-04,USDCHF=X,0.7819200158119202
2026-03-05,USDCHF=X,0.7791500091552734
2026-03-06,USDCHF=X,0.7806599736213684
2026-03-09,USDCHF=X,0.781220018863678
2026-03-10,USDCHF=X,0.7778800129890442
2026-03-11,USDCHF=X,0.778577983379364
2026-03-12,USDCHF=X,0.7817400097846985
2026-03-13,USDCHF=X,0.7853400111198425
2026-03-16,USDCHF=X,0.7899199724197388
2026-03-17,USDCHF=X,0.7880499958992004
2026-03-18,USDCHF=X,0.7847700119018555
2026-03-19,USDCHF=X,0.7926300168037415
2026-03-20,USDCHF=X,0.7886999845504761
2026-03-23,USDCHF=X,0.7878199815750122
2026-03-24,USDCHF=X,0.7864000201225281
2026-03-25,USDCHF=X,0.7879999876022339
2026-03-26,USDCHF=X,0.7915499806404114
2026-03-27,USDCHF=X,0.7946799993515015
2026-03-29,USDCHF=X,0.7997999787330627
2026-03-30,USDCHF=X,0.7998800277709961
2026-03-31,USDCHF=X,0.7976300120353699
2026-04-01,USDCHF=X,0.7939500212669373
2026-04-02,USDCHF=X,0.7986299991607666
2026-04-05,USDCHF=X,0.8011500239372253
2026-04-06,USDCHF=X,0.7980999946594238
2026-04-07,USDCHF=X,0.7904000282287598
2026-04-08,USDCHF=X,0.7914000153541565
2026-04-09,USDCHF=X,0.7908700108528137
2026-04-12,USDCHF=X,0.7926099896430969
2026-04-13,USDCHF=X,0.7832000255584717
2026-04-14,USDCHF=X,0.7809100151062012
2026-04-15,USDCHF=X,0.7813100218772888
2026-04-16,USDCHF=X,0.7832000255584717
2026-04-19,USDCHF=X,0.7836599946022034
2026-04-20,USDCHF=X,0.7785099744796753
2026-04-21,USDCHF=X,0.7805500030517578
2026-04-22,USDCHF=X,0.784820020198822
2026-04-23,USDCHF=X,0.7862399816513062
2026-04-26,USDCHF=X,0.786300003528595
2026-04-27,USDCHF=X,0.785290002822876
2026-04-28,USDCHF=X,0.7889900207519531
2026-04-29,USDCHF=X,0.7905600070953369
2026-04-30,USDCHF=X,0.7814000248908997
2026-05-03,USDCHF=X,0.7811300158500671
2026-05-04,USDCHF=X,0.7839699983596802
2026-05-05,USDCHF=X,0.7813799977302551
2026-05-06,USDCHF=X,0.7788599729537964
2026-05-07,USDCHF=X,0.7802000045776367
2026-05-10,USDCHF=X,0.7777699828147888
2026-05-11,USDCHF=X,0.7781599760055542
2026-05-12,USDCHF=X,0.7804099917411804
2026-05-13,USDCHF=X,0.781499981880188
2026-05-14,USDCHF=X,0.7841799855232239
2026-05-17,USDCHF=X,0.7872899770736694
2026-05-18,USDCHF=X,0.7844700217247009
2026-05-19,USDCHF=X,0.7888000011444092
2026-05-20,USDCHF=X,0.7869200110435486
2026-05-21,USDCHF=X,0.7864999771118164
2026-05-24,USDCHF=X,0.782289981842041
2026-05-25,USDCHF=X,0.78302001953125
2026-05-26,USDCHF=X,0.7851099967956543
2026-05-27,USDCHF=X,0.7878599762916565
2026-05-28,USDCHF=X,0.7836599946022034
2026-05-31,USDCHF=X,0.7818599939346313
2026-06-01,USDCHF=X,0.7861400246620178
2026-06-02,USDCHF=X,0.7882500290870667
2026-06-03,USDCHF=X,0.7910299897193909
2026-06-04,USDCHF=X,0.7889000177383423
2026-06-07,USDCHF=X,0.7964199781417847
2026-06-08,USDCHF=X,0.7981699705123901
2026-06-09,USDCHF=X,0.7992600202560425
2026-06-10,USDCHF=X,0.7999500036239624
2026-06-11,USDCHF=X,0.7950500249862671
2026-06-14,USDCHF=X,0.7939000129699707
2026-06-15,USDCHF=X,0.7944300174713135
2026-06-16,USDCHF=X,0.7931100130081177
2026-06-17,USDCHF=X,0.7994099855422974
2026-06-18,USDCHF=X,0.8048999905586243
2026-06-21,USDCHF=X,0.8079699873924255
2026-06-22,USDCHF=X,0.8087999820709229
2026-06-23,USDCHF=X,0.8097100257873535
2026-06-24,USDCHF=X,0.8125799894332886
2026-06-25,USDCHF=X,0.8105199933052063
2026-06-28,USDCHF=X,0.8100699782371521
2026-06-29,USDCHF=X,0.8076000213623047
2026-06-30,USDCHF=X,0.8087000250816345
2026-07-01,USDCHF=X,0.809149980545044
2026-07-02,USDCHF=X,0.8044099807739258
2026-07-05,USDCHF=X,0.8037999868392944
2026-07-06,USDCHF=X,0.805079996585846
2026-07-07,USDCHF=X,0.8088200092315674
2026-07-08,USDCHF=X,0.8080599904060364
2026-07-09,USDCHF=X,0.8065400123596191
2026-07-12,USDCHF=X,0.8093600273132324
2026-07-13,USDCHF=X,0.8147299885749817
2026-07-14,USDCHF=X,0.8090599775314331
2026-07-15,USDCHF=X,0.8060700297355652
2026-01-16,USDCAD=X,1.3888399600982666
2026-01-19,USDCAD=X,1.3899400234222412
2026-01-20,USDCAD=X,1.3874000310897827
2026-01-21,USDCAD=X,1.3832999467849731
2026-01-22,USDCAD=X,1.3843200206756592
2026-01-23,USDCAD=X,1.3784099817276
2026-01-26,USDCAD=X,1.3701900243759155
2026-01-27,USDCAD=X,1.3711999654769897
2026-01-28,USDCAD=X,1.3591500520706177
2026-01-29,USDCAD=X,1.353790044784546
2026-01-30,USDCAD=X,1.3492000102996826
2026-02-02,USDCAD=X,1.3635799884796143
2026-02-03,USDCAD=X,1.3673700094223022
2026-02-04,USDCAD=X,1.3639400005340576
2026-02-05,USDCAD=X,1.366919994354248
2026-02-06,USDCAD=X,1.3712199926376343
2026-02-09,USDCAD=X,1.3658900260925293
2026-02-10,USDCAD=X,1.356220006942749
2026-02-11,USDCAD=X,1.3552000522613525
2026-02-12,USDCAD=X,1.3575400114059448
2026-02-13,USDCAD=X,1.3610700368881226
2026-02-16,USDCAD=X,1.3617899417877197
2026-02-17,USDCAD=X,1.3636200428009033
2026-02-18,USDCAD=X,1.3637700080871582
2026-02-19,USDCAD=X,1.3696099519729614
2026-02-20,USDCAD=X,1.3686800003051758
2026-02-23,USDCAD=X,1.3648500442504883
2026-02-24,USDCAD=X,1.369379997253418
2026-02-25,USDCAD=X,1.3700300455093384
2026-02-26,USDCAD=X,1.3675800561904907
2026-02-27,USDCAD=X,1.3675800561904907
2026-03-02,USDCAD=X,1.3668400049209595
2026-03-03,USDCAD=X,1.3671000003814697
2026-03-04,USDCAD=X,1.3674099445343018
2026-03-05,USDCAD=X,1.364400029182434
2026-03-06,USDCAD=X,1.3669899702072144
2026-03-09,USDCAD=X,1.3602099418640137
2026-03-10,USDCAD=X,1.358739972114563
2026-03-11,USDCAD=X,1.3582899570465088
2026-03-12,USDCAD=X,1.3601700067520142
2026-03-13,USDCAD=X,1.36326003074646
2026-03-16,USDCAD=X,1.3711700439453125
2026-03-17,USDCAD=X,1.368399977684021
2026-03-18,USDCAD=X,1.3689500093460083
2026-03-19,USDCAD=X,1.372939944267273
2026-03-20,USDCAD=X,1.373579978942871
2026-03-23,USDCAD=X,1.3709800243377686
2026-03-24,USDCAD=X,1.3730700016021729
2026-03-25,USDCAD=X,1.3757200241088867
2026-03-26,USDCAD=X,1.3814200162887573
2026-03-27,USDCAD=X,1.3851900100708008
2026-03-29,USDCAD=X,1.3899500370025635
2026-03-30,USDCAD=X,1.3928300142288208
2026-03-31,USDCAD=X,1.3902900218963623
2026-04-01,USDCAD=X,1.3876399993896484
2026-04-02,USDCAD=X,1.391700029373169
2026-04-05,USDCAD=X,1.394569993019104
2026-04-06,USDCAD=X,1.391160011291504
2026-04-07,USDCAD=X,1.3841999769210815
2026-04-08,USDCAD=X,1.3850500583648682
2026-04-09,USDCAD=X,1.3822699785232544
2026-04-12,USDCAD=X,1.3872699737548828
2026-04-13,USDCAD=X,1.378499984741211
2026-04-14,USDCAD=X,1.3766100406646729
2026-04-15,USDCAD=X,1.373129963874817
2026-04-16,USDCAD=X,1.3700400590896606
2026-04-19,USDCAD=X,1.3704999685287476
2026-04-20,USDCAD=X,1.364400029182434
2026-04-21,USDCAD=X,1.3657599687576294
2026-04-22,USDCAD=X,1.3669699430465698
2026-04-23,USDCAD=X,1.3698400259017944
2026-04-26,USDCAD=X,1.3675999641418457
2026-04-27,USDCAD=X,1.362149953842163
2026-04-28,USDCAD=X,1.367900013923645
2026-04-29,USDCAD=X,1.3671300411224365
2026-04-30,USDCAD=X,1.3579599857330322
2026-05-03,USDCAD=X,1.3588099479675293
2026-05-04,USDCAD=X,1.3621100187301636
2026-05-05,USDCAD=X,1.3603500127792358
2026-05-06,USDCAD=X,1.3636900186538696
2026-05-07,USDCAD=X,1.366070032119751
2026-05-10,USDCAD=X,1.368299961090088
2026-05-11,USDCAD=X,1.367840051651001
2026-05-12,USDCAD=X,1.369729995727539
2026-05-13,USDCAD=X,1.3704700469970703
2026-05-14,USDCAD=X,1.3723700046539307
2026-05-17,USDCAD=X,1.3761299848556519
2026-05-18,USDCAD=X,1.3738700151443481
2026-05-19,USDCAD=X,1.374709963798523
2026-05-20,USDCAD=X,1.3747700452804565
2026-05-21,USDCAD=X,1.3775899410247803
2026-05-24,USDCAD=X,1.380210041999817
2026-05-25,USDCAD=X,1.3804099559783936
2026-05-26,USDCAD=X,1.3807799816131592
2026-05-27,USDCAD=X,1.384310007095337
2026-05-28,USDCAD=X,1.378290057182312
2026-05-31,USDCAD=X,1.3796299695968628
2026-06-01,USDCAD=X,1.3839199542999268
2026-06-02,USDCAD=X,1.3844499588012695
2026-06-03,USDCAD=X,1.3893200159072876
2026-06-04,USDCAD=X,1.3905999660491943
2026-06-07,USDCAD=X,1.3944400548934937
2026-06-08,USDCAD=X,1.3956300020217896
2026-06-09,USDCAD=X,1.3953800201416016
2026-06-10,USDCAD=X,1.3946800231933594
2026-06-11,USDCAD=X,1.3972400426864624
2026-06-14,USDCAD=X,1.3963600397109985
2026-06-15,USDCAD=X,1.3990000486373901
2026-06-16,USDCAD=X,1.3995699882507324
2026-06-17,USDCAD=X,1.409980058670044
2026-06-18,USDCAD=X,1.4140700101852417
2026-06-21,USDCAD=X,1.41743004322052
2026-06-22,USDCAD=X,1.4158400297164917
2026-06-23,USDCAD=X,1.4209599494934082
2026-06-24,USDCAD=X,1.4235199689865112
2026-06-25,USDCAD=X,1.4200600385665894
2026-06-28,USDCAD=X,1.4189800024032593
2026-06-29,USDCAD=X,1.4208999872207642
2026-06-30,USDCAD=X,1.4205000400543213
2026-07-01,USDCAD=X,1.4217300415039062
2026-07-02,USDCAD=X,1.419029951095581
2026-07-05,USDCAD=X,1.4204200506210327
2026-07-06,USDCAD=X,1.4207799434661865
2026-07-07,USDCAD=X,1.4203499555587769
2026-07-08,USDCAD=X,1.416700005531311
2026-07-09,USDCAD=X,1.4162399768829346
2026-07-12,USDCAD=X,1.4163399934768677
2026-07-13,USDCAD=X,1.4149399995803833
2026-07-14,USDCAD=X,1.405150055885315
2026-07-15,USDCAD=X,1.404670000076294
